open_time,open,high,low,close,volume,close_time,quote_asset_volume,number_of_trades,taker_buy_base_asset_volume,taker_buy_quote_asset_volume,ignore
1502942400000,301.13,301.13,300.0,301.13,3.82951,1502942699999,1152.7134416,12,3.51562,1058.5464416,0
1502942700000,300.0,301.13,298.0,298.0,1.97216,1502942999999,592.0526625,10,1.9683,590.9023825,0
1502943000000,298.0,298.0,298.0,298.0,0.0,1502943299999,0.0,0,0.0,0.0,0
1502943300000,298.0,299.05,298.0,299.05,12.88486,1502943599999,3840.084739,4,3.28872,980.435019,0
1502943600000,299.05,300.1,299.05,300.1,6.58304,1502943899999,1970.7009815,8,0.51388,153.8740015,0
1502943900000,299.4,300.8,299.39,299.39,11.97275,1502944199999,3586.1320922,14,8.31452,2490.8580302,0
1502944200000,299.39,299.39,299.39,299.39,20.79097,1502944499999,6224.6085083,14,20.79097,6224.6085083,0
1502944500000,299.39,300.79,299.39,299.6,27.59262,1502944799999,8262.6277867,8,3.03842,911.3458487,0
1502944800000,299.6,299.6,299.6,299.6,4.5522,1502945099999,1363.83912,17,4.5522,1363.83912,0
1502945100000,299.6,300.8,299.6,300.79,5.23649,1502945399999,1574.1832112,12,4.76497,1432.9158192,0
1502945400000,300.79,301.13,300.79,301.13,15.94388,1502945699999,4799.2716549,20,15.50588,4667.5256349,0
1502945700000,301.13,302.57,301.13,301.61,14.31029,1502945999999,4318.5899831,10,14.31029,4318.5899831,0
1502946000000,301.61,301.61,300.95,301.61,56.81079,1502946299999,17101.6785525,13,56.81079,17101.6785525,0
1502946300000,301.61,302.57,301.61,302.57,7.67937,1502946599999,2318.9920593,17,6.25046,1888.0185142,0
1502946600000,302.57,302.57,302.01,302.01,17.20219,1502946899999,5200.0541451,22,17.20219,5200.0541451,0
1502946900000,302.01,302.05,302.01,302.05,10.97915,1502947199999,3316.0239447,14,6.42637,1941.0388569,0
1502947200000,302.05,303.28,302.05,303.28,40.66131,1502947499999,12293.3591068,19,29.6228,8957.4385853,0
1502947500000,302.21,302.21,300.0,302.21,98.47341,1502947799999,29687.7641566,14,90.5734,27315.3911536,0
1502947800000,302.21,302.21,302.11,302.11,6.15513,1502948099999,1859.5538503,13,5.87987,1776.3675257,0
1502948100000,302.11,302.2,302.11,302.2,9.75173,1502948399999,2946.3352145,10,8.11225,2451.0319117,0
1502948400000,302.2,303.28,302.08,303.28,80.78181,1502948699999,24409.6957872,20,58.88771,17793.2987672,0
1502948700000,303.28,303.28,303.1,303.1,23.54246,1502948999999,7139.8240184,25,23.54246,7139.8240184,0
1502949000000,303.1,303.1,303.1,303.1,15.45124,1502949299999,4683.270844,23,14.61211,4428.930541,0
1502949300000,303.1,303.1,303.1,303.1,10.18387,1502949599999,3086.730997,12,10.18387,3086.730997,0
1502949600000,302.4,302.41,302.4,302.41,15.3978,1502949899999,4656.3466029,13,15.28825,4623.2186829,0
1502949900000,302.41,302.61,302.41,302.41,10.22004,1502950199999,3090.8658664,17,4.80429,1453.0889089,0
1502950200000,302.61,302.61,302.61,302.61,14.80194,1502950499999,4479.2150634,17,14.80194,4479.2150634,0
1502950500000,302.02,303.71,302.02,303.71,70.10305,1502950799999,21191.9325757,16,64.76455,19578.5844907,0
1502950800000,303.71,303.71,303.11,303.11,3.50706,1502951099999,1064.3631546,15,3.50706,1064.3631546,0
1502951100000,303.11,303.11,303.11,303.11,3.23486,1502951399999,980.5184146,11,3.23486,980.5184146,0
1502951400000,303.11,303.11,303.11,303.11,20.95731,1502951699999,6352.3702341,14,20.41894,6189.1849034,0
1502951700000,303.11,304.44,302.75,303.61,93.86196,1502951999999,28463.6034997,20,78.97442,23935.6122927,0
1502952000000,303.6,303.61,303.6,303.61,34.04213,1502952299999,10335.3488266,17,27.44651,8332.9185946,0
1502952300000,303.61,303.61,303.61,303.61,3.55213,1502952599999,1078.4621893,11,3.55213,1078.4621893,0
1502952600000,303.61,303.61,301.9,302.68,18.75222,1502952899999,5669.179797,21,7.05751,2138.546848,0
1502952900000,302.68,302.68,302.68,302.68,15.43622,1502953199999,4672.2350696,10,15.43622,4672.2350696,0
1502953200000,302.68,303.61,302.6,303.61,19.08654,1502953499999,5777.7451842,18,18.92817,5729.8097526,0
1502953500000,303.61,303.61,303.0,303.61,27.62717,1502953799999,8380.7772112,15,14.49696,4401.4220256,0
1502953800000,303.61,303.61,302.75,303.61,77.42086,1502954099999,23462.3164532,10,77.42086,23462.3164532,0
1502954100000,303.61,304.97,303.61,304.97,75.58038,1502954399999,22965.030033,14,52.04678,15817.0908894,0
1502954400000,304.61,304.61,303.8,304.61,126.56651,1502954699999,38512.2185098,21,97.19015,29563.8854902,0
1502954700000,304.61,304.61,303.8,304.61,110.96595,1502954999999,33759.7127694,16,91.45961,27817.886542,0
1502955000000,304.61,304.61,304.61,304.61,68.52014,1502955299999,20871.9198454,12,26.25316,7996.9750676,0
1502955300000,304.61,304.61,304.61,304.61,19.98996,1502955599999,6089.1417156,16,19.98996,6089.1417156,0
1502955600000,304.61,304.61,304.61,304.61,34.18015,1502955899999,10411.6154915,10,34.18015,10411.6154915,0
1502955900000,304.61,305.11,304.53,305.11,71.6749,1502956199999,21834.5763928,16,68.52895,20876.2885633,0
1502956200000,305.11,306.13,305.11,305.62,68.43772,1502956499999,20909.7517264,21,52.45955,16034.6522777,0
1502956500000,305.62,307.96,304.95,307.96,54.69482,1502956799999,16750.3316347,29,39.47746,12096.8826922,0
1502956800000,307.95,308.65,307.39,307.95,12.04118,1502957099999,3707.8678979,17,10.59781,3263.9399825,0
1502957100000,308.65,308.65,308.65,308.65,7.30801,1502957399999,2255.6172865,14,7.30801,2255.6172865,0
1502957400000,308.65,309.48,308.43,308.43,56.31996,1502957699999,17375.2759724,15,55.07929,16992.0013479,0
1502957700000,309.48,309.48,307.39,307.39,2.15714,1502957999999,667.251268,13,1.99426,617.1835848,0
1502958000000,307.39,309.48,307.39,309.48,9.00871,1502958299999,2786.6905317,17,8.21372,2541.9820656,0
1502958300000,309.48,309.77,307.0,309.77,8.73169,1502958599999,2703.1177496,12,7.16072,2217.7764957,0
1502958600000,309.77,309.97,309.77,309.97,10.18926,1502958899999,3157.4716782,19,8.02458,2486.9187546,0
1502958900000,309.97,309.97,308.82,308.82,27.29691,1502959199999,8430.5091537,16,24.90477,7691.7684789,0
1502959200000,308.82,309.97,308.82,309.97,1.739,1502959499999,537.3816,10,1.4674,453.506088,0
1502959500000,309.97,309.97,307.86,309.87,3.93661,1502959799999,1219.8134518,28,3.91232,1212.3355324,0
1502959800000,309.87,309.87,309.62,309.62,7.64514,1502960099999,2367.1987493,11,7.64514,2367.1987493,0
1502960100000,309.62,309.62,308.62,308.62,4.37668,1502960399999,1351.2670316,10,4.37668,1351.2670316,0
1502960400000,308.62,308.62,308.62,308.62,23.55497,1502960699999,7269.5348414,14,23.55497,7269.5348414,0
1502960700000,308.62,309.62,308.62,309.62,62.72146,1502960999999,19374.8800988,13,62.25394,19230.5940764,0
1502961000000,309.62,310.94,308.67,310.94,22.47678,1502961299999,6957.7074333,22,13.40151,4152.0445254,0
1502961300000,310.94,310.94,309.62,309.62,24.8688,1502961599999,7702.3372404,14,24.8688,7702.3372404,0
1502961600000,309.62,310.94,309.62,310.52,13.49394,1502961899999,4189.209894,12,9.55147,2968.1353898,0
1502961900000,310.52,311.46,310.5,311.46,25.11057,1502962199999,7799.1482952,16,19.07479,5924.9178896,0
1502962200000,309.89,310.5,309.89,310.5,166.37224,1502962499999,51628.8137705,20,166.37224,51628.8137705,0
1502962500000,310.5,311.46,310.5,311.46,22.04808,1502962799999,6853.3609872,16,21.35029,6636.2770386,0
1502962800000,312.0,312.0,310.37,311.14,25.88835,1502963099999,8074.3907112,21,20.16687,6289.6499962,0
1502963100000,311.13,311.13,311.13,311.13,2.23491,1502963399999,695.3475483,11,2.23491,695.3475483,0
1502963400000,311.13,311.13,309.29,310.62,19.6669,1502963699999,6105.1108426,25,15.0472,4676.2838296,0
1502963700000,309.95,310.62,309.95,310.0,60.84179,1502963999999,18860.2215621,14,60.84179,18860.2215621,0
1502964000000,310.0,310.0,310.0,310.0,5.59915,1502964299999,1735.7365,12,5.59915,1735.7365,0
1502964300000,310.0,310.0,309.29,310.0,22.54338,1502964599999,6984.2462117,22,16.62565,5153.9515,0
1502964600000,310.0,310.62,310.0,310.62,12.27918,1502964899999,3806.6682934,14,11.76825,3648.2799934,0
1502964900000,310.62,310.62,310.62,310.62,5.42284,1502965199999,1684.4425608,17,5.42284,1684.4425608,0
1502965200000,310.62,310.62,310.47,310.47,12.5407,1502965499999,3894.428574,14,8.35417,2594.0086254,0
1502965500000,308.54,309.22,308.54,309.22,55.34158,1502965799999,17078.8304064,12,55.34158,17078.8304064,0
1502965800000,309.22,309.22,309.22,309.22,7.69906,1502966099999,2380.7033332,20,7.69906,2380.7033332,0
1502966100000,309.22,310.65,309.22,310.65,24.1642,1502966399999,7485.9052578,17,15.37307,4764.1529767,0
1502966400000,310.65,310.65,310.42,310.42,18.73284,1502966699999,5818.9548992,19,18.301,5684.8038032,0
1502966700000,310.42,310.97,310.42,310.97,33.72886,1502966999999,10477.1364742,20,33.72886,10477.1364742,0
1502967000000,310.97,310.97,309.3,309.3,72.67485,1502967299999,22510.3036213,16,72.67485,22510.3036213,0
1502967300000,309.3,309.3,309.3,309.3,13.66476,1502967599999,4226.510268,15,13.66476,4226.510268,0
1502967600000,308.3,308.3,307.84,308.3,78.2729,1502967899999,24109.1805604,14,78.2729,24109.1805604,0
1502967900000,308.3,308.3,307.78,307.78,17.45374,1502968199999,5372.0990216,18,17.09427,5261.2744206,0
1502968200000,307.78,308.39,307.78,308.39,14.18571,1502968499999,4370.7729791,11,13.3049,4099.505788,0
1502968500000,309.3,309.3,309.3,309.3,2.85867,1502968799999,884.186631,22,2.85867,884.186631,0
1502968800000,308.92,309.3,308.92,308.92,27.91283,1502969099999,8624.0942748,16,27.91283,8624.0942748,0
1502969100000,308.92,310.4,308.92,310.4,7.98512,1502969399999,2478.1594332,15,7.70011,2390.114144,0
1502969400000,310.4,310.68,310.4,310.51,8.22478,1502969699999,2554.4762312,13,5.58724,1735.7838152,0
1502969700000,310.51,310.51,308.39,309.56,58.629,1502969999999,18142.9432219,21,54.895,16991.4149619,0
1502970000000,309.56,309.56,309.56,309.56,8.65148,1502970299999,2678.1521488,8,8.65148,2678.1521488,0
1502970300000,309.56,309.56,308.39,309.56,9.27844,1502970599999,2865.1998464,15,3.26644,1011.1591664,0
1502970600000,309.56,309.56,308.95,308.95,35.83173,1502970899999,11075.0063574,28,26.34229,8140.5699039,0
1502970900000,308.95,308.95,308.95,308.95,4.006,1502971199999,1237.6537,16,4.006,1237.6537,0
1502971200000,308.95,309.42,308.75,309.42,61.68469,1502971499999,19049.465079,28,60.25766,18608.4338363,0
1502971500000,309.42,309.42,309.42,309.42,6.00632,1502971799999,1858.4755344,8,4.91975,1522.269045,0
1502971800000,310.51,310.51,310.05,310.45,37.36856,1502972099999,11591.2760746,21,33.58568,10417.1794224,0
1502972100000,310.45,310.45,310.05,310.45,9.53503,1502972399999,2960.1460635,12,9.53503,2960.1460635,0
1502972400000,309.72,309.72,307.98,309.72,23.46373,1502972699999,7246.1074454,34,19.18646,5921.4688854,0
1502972700000,309.62,309.62,308.07,308.76,66.86436,1502972999999,20617.2167644,20,60.33031,18599.4388708,0
1502973000000,308.62,308.62,308.03,308.03,43.89467,1502973299999,13538.6510898,16,43.89467,13538.6510898,0
1502973300000,308.03,308.03,308.03,308.03,30.81091,1502973599999,9490.6846073,20,29.52296,9093.9573688,0
1502973600000,308.03,308.03,308.03,308.03,30.30063,1502973899999,9333.5030589,16,30.28071,9327.3671013,0
1502973900000,308.12,308.12,308.12,308.12,17.1952,1502974199999,5298.185024,17,17.1952,5298.185024,0
1502974200000,308.12,308.55,308.04,308.23,65.39537,1502974499999,20173.5836013,22,64.15517,19790.9570973,0
1502974500000,308.23,308.62,308.23,308.62,9.27331,1502974799999,2859.5286226,18,9.27331,2859.5286226,0
1502974800000,308.62,309.72,308.62,309.62,16.27342,1502975099999,5033.3160704,20,15.94401,4931.6535562,0
1502975100000,309.62,309.62,309.62,309.62,5.46787,1502975399999,1692.9619094,15,5.46787,1692.9619094,0
1502975400000,309.62,309.62,308.45,308.45,61.02399,1502975699999,18836.4129688,24,58.44401,18037.5995612,0
1502975700000,309.52,309.52,309.15,309.15,16.69774,1502975999999,5163.5409664,22,16.50878,5105.1239824,0
1502976000000,309.15,309.52,309.15,309.51,7.85515,1502976299999,2430.6877024,23,6.05702,1874.5812529,0
1502976300000,309.51,309.52,309.51,309.52,9.70079,1502976599999,3002.5872416,15,9.49654,2939.3690608,0
1502976600000,309.52,309.52,309.52,309.52,4.61182,1502976899999,1427.4505264,15,4.61182,1427.4505264,0
1502976900000,309.52,309.52,309.52,309.52,3.61915,1502977199999,1120.199308,12,3.61915,1120.199308,0
1502977200000,309.52,309.52,308.77,308.77,106.66351,1502977499999,33007.9282252,25,106.54568,32971.4574836,0
1502977500000,308.77,308.77,308.0,308.77,12.21375,1502977799999,3770.4695875,24,11.21375,3462.4695875,0
1502977800000,308.07,308.77,308.07,308.77,53.00681,1502978099999,16332.8364787,11,53.00681,16332.8364787,0
1502978100000,308.77,309.4,307.77,309.4,13.44642,1502978399999,4147.9879369,25,5.84572,1806.9263279,0
1502978400000,307.77,308.45,307.77,308.23,64.15402,1502978699999,19779.2333922,21,56.64391,17466.4052375,0
1502978700000,307.25,308.23,307.03,307.23,172.70677,1502978999999,53133.7059844,24,168.23132,51758.7134809,0
1502979000000,307.03,307.24,305.49,307.23,77.96336,1502979299999,23862.9393755,24,73.74313,22566.3159103,0
1502979300000,307.23,307.23,306.81,306.81,29.96542,1502979599999,9200.7785679,13,26.02663,7992.318309,0
1502979600000,307.12,307.12,307.12,307.12,16.12374,1502979899999,4951.9230288,9,16.12374,4951.9230288,0
1502979900000,305.54,307.59,305.54,307.59,54.7345,1502980199999,16733.5647491,24,53.79565,16445.2251371,0
1502980200000,307.59,307.59,307.58,307.58,3.67486,1502980499999,1130.3446854,13,3.67486,1130.3446854,0
1502980500000,307.58,307.59,307.58,307.59,10.72969,1502980799999,3300.2958608,22,9.4512,2907.0451217,0
1502980800000,307.67,308.71,307.23,307.23,65.6654,1502981099999,20198.3788772,33,39.54951,12163.3030189,0
1502981100000,307.23,307.23,307.23,307.23,36.85421,1502981399999,11322.7189383,20,36.30602,11154.2985246,0
1502981400000,306.22,307.23,306.17,306.43,146.16474,1502981699999,44785.1783275,21,121.72683,37282.8921262,0
1502981700000,306.43,306.51,306.43,306.5,31.52294,1502981999999,9660.98754,19,21.90666,6714.2708596,0
1502982000000,306.5,306.5,306.5,306.5,13.3432,1502982299999,4089.6908,20,13.3432,4089.6908,0
1502982300000,306.5,307.78,306.5,307.78,4.4199,1502982599999,1358.3101231,14,3.99077,1226.7817781,0
1502982600000,306.53,306.53,306.43,306.43,18.82505,1502982899999,5768.8233325,17,18.82477,5768.7375321,0
1502982900000,306.43,307.78,306.43,307.78,2.75118,1502983199999,844.2109734,10,2.48097,761.4105231,0
1502983200000,307.78,308.71,307.78,307.86,34.04145,1502983499999,10488.2158566,39,33.99913,10475.1872214,0
1502983500000,307.87,308.76,306.43,306.43,71.3619,1502983799999,21938.3062278,79,68.34852,21010.7889748,0
1502983800000,306.4,306.74,305.33,305.33,96.89379,1502984099999,29648.4342105,77,96.89335,29648.2994735,0
1502984100000,305.22,305.22,303.56,304.26,107.07893,1502984399999,32594.7400817,77,100.44531,30578.5835971,0
1502984400000,304.26,306.04,304.23,306.04,28.13126,1502984699999,8570.5760924,28,28.13126,8570.5760924,0
1502984700000,306.04,306.04,305.79,306.04,16.09363,1502984999999,4925.1995802,20,15.71385,4809.066654,0
1502985000000,306.04,306.54,306.04,306.54,34.73776,1502985299999,10632.8640704,29,34.73776,10632.8640704,0
1502985300000,306.04,307.06,306.04,307.06,31.74177,1502985599999,9742.3093278,24,19.16,5881.8864,0
1502985600000,307.74,307.74,302.22,303.9,87.53737,1502985899999,26723.1384044,40,80.33708,24532.3405906,0
1502985900000,303.67,304.89,298.21,303.55,105.69496,1502986199999,31996.2583861,76,59.84898,18180.2893033,0
1502986200000,303.55,305.54,303.55,305.54,145.40754,1502986499999,44148.8281964,74,129.16662,39218.8969304,0
1502986500000,305.12,306.83,305.12,306.83,16.22528,1502986799999,4965.0647933,25,10.14509,3107.2410829,0
1502986800000,306.83,308.55,306.83,307.74,44.01427,1502987099999,13532.2814752,42,44.01427,13532.2814752,0
1502987100000,307.74,309.4,307.74,309.4,26.5519,1502987399999,8191.3348066,35,25.44238,7849.5602449,0
1502987400000,308.76,310.46,308.76,310.46,20.8706,1502987699999,6467.803661,24,20.13332,6239.4127386,0
1502987700000,311.12,311.12,311.12,311.12,18.73156,1502987999999,5827.7629472,23,17.11756,5325.6152672,0
1502988000000,311.12,312.18,311.12,312.17,3.29667,1502988299999,1029.0739409,9,3.22859,1007.8928913,0
1502988300000,312.17,312.17,308.0,308.0,28.66138,1502988599999,8931.881004,20,28.66113,8931.803814,0
1502988600000,308.0,308.0,303.72,303.72,74.91923,1502988899999,22977.794621,28,74.91918,22977.7792795,0
1502988900000,307.28,308.0,307.28,308.0,24.90001,1502989199999,7662.562364,26,19.15599,5894.913612,0
1502989200000,308.0,308.0,308.0,308.0,9.7861,1502989499999,3014.1188,16,9.7861,3014.1188,0
1502989500000,308.0,308.0,308.0,308.0,1.63724,1502989799999,504.26992,11,1.63724,504.26992,0
1502989800000,308.0,308.0,308.0,308.0,5.6663,1502990099999,1745.2204,12,5.6663,1745.2204,0
1502990100000,308.0,308.0,308.0,308.0,9.3708,1502990399999,2886.2064,12,9.3708,2886.2064,0
1502990400000,308.0,308.33,308.0,308.33,12.02082,1502990699999,3703.4485059,13,11.56272,3562.3537059,0
1502990700000,308.33,308.33,308.33,308.33,20.13382,1502990999999,6207.8607206,18,20.13382,6207.8607206,0
1502991000000,308.33,308.33,306.02,306.02,63.26284,1502991299999,19393.8950018,13,60.24814,18464.3725508,0
1502991300000,303.98,303.98,303.98,303.98,3.05308,1502991599999,928.0752584,14,3.05308,928.0752584,0
1502991600000,303.98,308.02,303.98,308.02,15.26214,1502991899999,4641.8928644,19,14.61879,4446.3273314,0
1502991900000,308.02,308.22,308.02,308.22,21.1834,1502992199999,6528.621698,16,21.10403,6504.1741506,0
1502992200000,308.22,308.22,308.22,308.22,27.08958,1502992499999,8349.5503476,20,26.87893,8284.6238046,0
1502992500000,308.22,308.33,308.22,308.33,3.48244,1502992799999,1073.4123642,14,3.3271,1025.5334694,0
1502992800000,308.33,308.33,308.33,308.33,13.29677,1502993099999,4099.7930941,16,5.35077,1649.8029141,0
1502993100000,310.19,310.19,308.33,310.19,36.69885,1502993399999,11383.4580141,16,36.61376,11357.2222144,0
1502993400000,310.19,310.19,298.96,308.58,9.67061,1502993699999,2963.3777579,14,6.64285,2058.1983903,0
1502993700000,308.58,308.58,308.58,308.58,12.88971,1502993999999,3977.5067118,18,11.26976,3477.6225408,0
1502994000000,308.58,310.64,308.58,310.64,10.95026,1502994299999,3397.9712828,17,10.54583,3273.1722734,0
1502994300000,310.64,310.64,310.64,310.64,5.77049,1502994599999,1792.5450136,14,5.49483,1706.9139912,0
1502994600000,311.53,311.53,301.97,301.97,62.84116,1502994899999,19219.1587934,14,62.84116,19219.1587934,0
1502994900000,301.97,309.1,301.97,309.1,10.67062,1502995199999,3257.0432319,22,9.78818,2990.5728251,0
1502995200000,309.1,309.1,309.1,309.1,13.92425,1502995499999,4303.985675,14,13.92425,4303.985675,0
1502995500000,309.1,309.1,309.1,309.1,13.6772,1502995799999,4227.62252,17,13.6772,4227.62252,0
1502995800000,309.1,309.1,309.1,309.1,6.91482,1502996099999,2137.370862,8,5.846,1806.9986,0
1502996100000,309.1,309.1,309.1,309.1,6.35006,1502996399999,1962.803546,13,6.35006,1962.803546,0
1502996400000,309.1,309.1,309.1,309.1,50.08992,1502996699999,15482.794272,17,50.08992,15482.794272,0
1502996700000,309.1,309.1,309.0,309.0,2.20336,1502996999999,680.881856,11,2.20336,680.881856,0
1502997000000,309.0,309.84,302.22,302.22,55.74297,1502997299999,16983.86152,18,55.22049,16822.4152,0
1502997300000,302.22,305.68,302.22,305.68,10.18609,1502997599999,3089.087128,16,9.88072,2996.7982066,0
1502997600000,305.68,305.68,305.68,305.68,6.13856,1502997899999,1876.4350208,15,6.13856,1876.4350208,0
1502997900000,305.68,308.71,305.68,308.71,4.43313,1502998199999,1358.4176061,15,3.00474,921.7873509,0
1502998200000,308.71,309.05,308.71,309.05,6.27713,1502998499999,1939.5634079,16,6.01686,1859.2154562,0
1502998500000,309.05,309.05,309.05,309.05,8.78319,1502998799999,2714.4448695,14,5.19658,1606.003049,0
1502998800000,309.05,309.41,309.05,309.41,5.05011,1502999099999,1562.4567087,10,4.93375,1526.4956507,0
1502999100000,309.41,309.41,309.41,309.41,4.56547,1502999399999,1412.6020727,13,4.56547,1412.6020727,0
1502999400000,309.41,309.41,309.41,309.41,4.97053,1502999699999,1537.9316873,12,4.97053,1537.9316873,0
1502999700000,309.41,309.41,301.6,301.6,57.19733,1502999999999,17417.5819346,17,57.19733,17417.5819346,0
1503000000000,301.6,303.76,301.6,303.76,32.14814,1503000299999,9720.7984982,26,21.02146,6356.2546549,0
1503000300000,309.4,309.4,302.0,302.0,36.65603,1503000599999,11303.16943,31,31.86232,9849.91304,0
1503000600000,309.0,309.0,308.0,308.0,25.33486,1503000899999,7805.52133,28,19.18507,5911.38601,0
1503000900000,308.0,308.0,302.0,302.0,5.55592,1503001199999,1708.30736,10,5.06992,1561.53536,0
1503001200000,302.0,308.0,302.0,307.0,14.68454,1503001499999,4490.99983,17,11.17054,3429.77183,0
1503001500000,302.0,307.0,301.88,301.88,62.83875,1503001799999,19020.075788,12,59.07875,17884.555788,0
1503001800000,301.88,301.88,301.42,301.42,29.17205,1503002099999,8804.2209282,22,27.19246,8206.7399858,0
1503002100000,301.42,302.0,299.01,302.0,15.42327,1503002399999,4647.9596687,24,14.38382,4336.6005328,0
1503002400000,302.0,302.0,302.0,302.0,3.97743,1503002699999,1201.18386,19,3.97743,1201.18386,0
1503002700000,302.0,302.75,302.0,302.75,4.69473,1503002999999,1420.3719675,16,4.69473,1420.3719675,0
1503003000000,302.75,304.79,302.75,304.79,15.76042,1503003299999,4781.5891619,24,14.23076,4316.4195559,0
1503003300000,304.79,304.79,304.79,304.79,26.17637,1503003599999,7978.2958123,12,26.17637,7978.2958123,0
1503003600000,304.79,305.77,304.79,305.77,3.60373,1503003899999,1099.3647475,23,2.34751,716.4814537,0
1503003900000,305.77,305.77,304.25,304.56,62.11249,1503004199999,18913.0730814,15,62.11249,18913.0730814,0
1503004200000,304.56,304.56,304.56,304.56,7.36382,1503004499999,2242.7250192,12,7.36382,2242.7250192,0
1503004500000,304.56,305.77,304.56,305.77,2.89771,1503004799999,884.4247451,15,2.49869,762.8992139,0
1503004800000,305.77,306.64,305.44,305.53,23.64784,1503005099999,7231.4356366,33,20.25479,6193.0646225,0
1503005100000,306.64,307.02,306.64,307.02,14.93192,1503005399999,4579.8180676,19,14.93192,4579.8180676,0
1503005400000,307.02,307.02,307.02,307.02,13.08825,1503005699999,4018.354515,17,13.08825,4018.354515,0
1503005700000,307.02,308.54,307.02,308.54,69.15619,1503005999999,21273.9016415,30,49.90099,15359.0655685,0
1503006000000,308.54,308.54,308.54,308.54,7.72426,1503006299999,2383.2431804,17,7.04657,2174.1487078,0
1503006300000,308.54,309.3,308.54,309.3,5.64769,1503006599999,1746.3591878,23,4.80902,1487.4297948,0
1503006600000,309.3,309.4,304.04,304.04,80.06242,1503006899999,24664.7566554,31,74.53384,22954.4933534,0
1503006900000,304.04,307.44,304.04,307.44,40.30894,1503007199999,12381.589371,20,17.61275,5405.9117246,0
1503007200000,308.57,309.84,308.57,309.84,29.19791,1503007499999,9020.2132787,26,26.99556,8340.6341392,0
1503007500000,309.84,309.84,309.84,309.84,14.11284,1503007799999,4372.7223456,18,14.11284,4372.7223456,0
1503007800000,309.84,310.14,309.84,309.84,6.13806,1503008099999,1902.4633914,16,5.3916,1671.180225,0
1503008100000,309.84,309.84,309.84,309.84,2.91468,1503008399999,903.0844512,16,2.71214,840.3294576,0
1503008400000,309.84,310.14,309.84,310.14,5.97626,1503008699999,1853.1635934,14,5.64465,1750.331751,0
1503008700000,310.26,310.26,303.44,305.62,125.65431,1503008999999,38536.6411212,31,98.72389,30339.7182238,0
1503009000000,305.62,310.39,305.62,310.39,29.43364,1503009299999,8997.1638652,20,20.05269,6130.1579262,0
1503009300000,310.39,310.39,310.39,310.39,15.83643,1503009599999,4915.4695077,14,15.83643,4915.4695077,0
1503009600000,310.39,310.39,310.39,310.39,31.11515,1503009899999,9657.8314085,20,31.11515,9657.8314085,0
1503009900000,310.39,310.39,310.39,310.39,10.76067,1503010199999,3340.0043613,12,10.76067,3340.0043613,0
1503010200000,310.39,310.69,310.39,310.69,23.05859,1503010499999,7157.6300861,19,19.10397,5930.1012483,0
1503010500000,310.74,310.74,303.59,306.74,74.16931,1503010799999,22716.8296318,16,70.22842,21519.4825327,0
1503010800000,306.74,306.74,306.74,306.74,18.1249,1503011099999,5559.631826,18,17.07128,5236.4444272,0
1503011100000,306.74,310.74,306.74,310.74,14.20762,1503011399999,4360.0814678,21,13.19506,4049.4302694,0
1503011400000,310.74,310.74,310.74,310.74,3.61014,1503011699999,1121.8149036,14,3.61014,1121.8149036,0
1503011700000,310.74,310.74,310.74,310.74,1.85005,1503011999999,574.884537,16,1.85005,574.884537,0
1503012000000,310.74,310.85,303.22,303.22,77.77323,1503012299999,23844.4085614,31,73.99067,22669.0188552,0
1503012300000,303.02,303.02,303.02,303.02,9.38119,1503012599999,2842.6881938,24,9.38119,2842.6881938,0
1503012600000,303.02,304.22,302.07,304.22,36.38911,1503012899999,11052.3054702,24,30.90565,9390.74594,0
1503012900000,302.07,304.47,302.07,304.47,12.86129,1503013199999,3887.7133023,9,11.91963,3603.2660661,0
1503013200000,304.47,304.47,304.47,304.47,4.12508,1503013499999,1255.9631076,10,1.26517,385.2063099,0
1503013500000,304.47,306.2,304.47,306.2,27.35923,1503013799999,8344.5522159,18,23.74018,7242.4588574,0
1503013800000,306.2,306.2,302.0,302.0,16.36513,1503014099999,4947.466172,24,1.98473,604.585372,0
1503014100000,302.0,306.2,302.0,302.0,7.55923,1503014399999,2302.069196,12,6.752,2058.285736,0
1503014400000,302.0,306.2,300.17,300.17,60.93614,1503014699999,18485.559977,17,55.1444,16715.644127,0
1503014700000,300.17,302.39,300.17,302.39,49.06102,1503014999999,14733.5656468,25,45.13101,13553.8945451,0
1503015000000,302.39,302.39,302.39,302.39,8.74175,1503015299999,2643.4177825,15,8.74175,2643.4177825,0
1503015300000,302.39,303.1,302.39,303.1,4.23535,1503015599999,1282.8357037,13,3.45687,1047.198079,0
1503015600000,303.62,303.62,303.62,303.62,16.89629,1503015899999,5130.0515698,16,16.89629,5130.0515698,0
1503015900000,303.62,304.88,303.62,304.88,45.23631,1503016199999,13754.187048,13,25.45996,7749.691661,0
1503016200000,304.88,304.88,304.88,304.88,25.12387,1503016499999,7659.7654856,22,11.04976,3368.8508288,0
1503016500000,305.34,305.34,301.21,301.21,50.37569,1503016799999,15249.1716029,11,50.37569,15249.1716029,0
1503016800000,301.21,301.21,298.99,301.1,25.54776,1503017099999,7676.1186415,21,14.29203,4298.230233,0
1503017100000,301.1,303.63,301.1,303.63,85.88914,1503017399999,26045.5248416,42,58.48336,17743.4282331,0
1503017400000,301.4,301.4,297.4,300.08,107.6147,1503017699999,32260.4654766,31,98.17373,29442.8359337,0
1503017700000,300.08,301.19,300.08,301.19,21.60756,1503017999999,6486.4577301,18,13.76459,4132.9392925,0
1503018000000,300.08,300.08,300.08,300.08,9.51466,1503018299999,2855.1591728,17,8.50216,2551.3281728,0
1503018300000,300.08,301.19,300.08,301.19,11.40259,1503018599999,3433.8480251,20,11.13239,3352.7664091,0